food;wine;Merchandise;Artikel;WGR;WGR_TEXT;Bontext_German;Bontext_English;origin_country_code;origin_country_ISOCODE;origin_country_tarif_no;purchase_price;sale_price;quantity;Artikelgewicht;Positionsgewicht;0;ean;pwert_end;3;4õûÕÛ
NO;NO;NO;10026410;1;Sortiment;GIBRALTAR Glas 2 - 240ml;GIBRALTAR glass 2 - 240ml;52;TR;70133799;0,27;1,49;6;0,27;1,62;;4035644714026;1,62;;
NO;NO;NO;10026427;1;Sortiment;GIBRALTAR Glas 3 - 360ml;GIBRALTAR glass 3 - 300ml;52;TR;70133799;0,3;1,69;6;0,33;1,98;;4035644714033;1,8;;
NO;NO;NO;10047828;2;Textilien;Mix it! Serviette schwarz;Mix it! Napkin black;664;IN;63025100;0,34;1,99;10;0,03;0,3;;4035644726265;3,4;;
NO;NO;NO;10047842;2;Textilien;MIX IT! Serv. weiß 40x40;MIX IT! NP white 40x40;664;IN;63025100;0,36;1,99;10;0,03;0,3;;4035644726289;3,6;;
NO;NO;NO;10047873;2;Textilien;MIX IT! TS rot 46x33;MIX IT! PM red 46x33;664;IN;63025100;0,61;1,99;20;0,08;1,6;;4035644726319;12,2;;
NO;NO;NO;10047880;2;Textilien;MIX IT! TS orange 46x33;MIX IT! PM orange 46x33;664;IN;63025100;0,63;1,99;10;0,08;0,8;;4035644726326;6,3;;
NO;NO;NO;10047934;2;Textilien;MIX IT! TS weiß 46x33;MIX IT! PM white 46x33;664;IN;63025100;0,61;1,99;20;0,08;1,6;;4035644726371;12,2;;
NO;NO;NO;10054956;1;Sortiment;ESPERTO ACCESSORI Zubehör 1 Tasse;ESPERTO ACCESSORI replacement 1 cup;5;IT;76151990;0,46;1,99;5;0,02;0,1;;4035644870722;2,3;;
NO;NO;NO;10054963;1;Sortiment;ESPERTO ACCESSORI Zubehör 3 Tassen;ESPERTO ACCESSORI replacement 3 cups;5;IT;76151990;0,49;2,99;5;0,04;0,2;;4035644870739;2,45;;
NO;NO;NO;10054994;1;Sortiment;RING OF FIRE Kerzenhalter f. Weinflasche;RING OF FIRE Candleholder for;736;TW;94055000;1,82;9,99;12;0,15;1,8;;4035644756903;21,84;;
NO;NO;NO;10062647;2;Textilien;MIX IT! Küchentuch grün;MIX IT! Kitchen Towel green;664;IN;63029100;0,71;1,99;20;0,09;1,8;;4035644753674;14,2;;
NO;NO;NO;10062661;2;Textilien;MIX IT! Küchentuch creme;MIX IT! Kitchen Towel cream;220;EG;63029100;0,74;1,99;10;0,09;0,9;;4035644753698;7,4;;
NO;NO;NO;10062708;2;Textilien;MIX IT! Küchentuch rot;MIX IT! Kitchen Towel red;220;EG;63029100;0,73;1,99;20;0,09;1,8;;4035644753735;14,6;;
NO;NO;NO;10064221;1;Sortiment;QUATTRO STAGIONI Glas, 0,5l;QUATTRO STAGIONI Jar 0,5l;5;IT;70109043;0,66;3,99;4;0,36;1,44;;8001023497503;2,64;;
NO;NO;NO;10064238;1;Sortiment;QUATTRO STAGIONI Glas 1l;QUATTRO STAGIONI Jar 1l;5;IT;70109043;1,05;4,99;12;0,59;7,08;;8004360021721;12,6;;
NO;NO;NO;10090947;2;Textilien;FELTO Untersetzer türkis (Filz);FELTO Coaster turquoise (Felt);720;CN;63049300;0,12;0,99;24;0,01;0,24;;4035644778424;2,88;;
NO;NO;NO;10090978;2;Textilien;FELTO Untersetzer schwarz (Filz);FELTO Coaster black (Felt);720;CN;63049300;0,12;0,99;24;0,01;0,24;;4035644778455;2,88;;
NO;NO;NO;10107355;1;Sortiment;MENUETT Sieb ?18cm;MENUETT Strainer ?18cm;720;CN;73239490;2,06;9,99;6;0,24;1,44;;4035644886112;12,36;;
NO;NO;NO;10118276;1;Sortiment;MEMORIES Bilderrahmen 13x18cm;MEMORIES picture frames 13x18cm;720;CN;83063000;1,88;8,99;10;0,34;3,4;;4035644801610;18,8;;
NO;NO;NO;10120651;1;Sortiment;PURO Miniatur Herzschälchen;PURO mini heart bowl;720;CN;69111000;0,18;1,99;12;0,05;0,6;;4035644803782;2,16;;
NO;NO;NO;10120668;1;Sortiment;PURO Miniatur Butterdose ? 9 cm;PURO mini butter dish ?9cm;720;CN;69111000;0,43;2,99;12;0,23;2,76;;4035644803799;5,16;;
NO;NO;NO;10120828;1;Sortiment;"PURO Vorspeisenteller ""Amuse gueule""";"PURO appetiser plate ""Amuse gu";720;CN;69111000;0,31;1,99;6;0,11;0,66;;4035644803959;1,86;;
NO;NO;NO;10121733;1;Sortiment;MIX IT! Espressotasse gelb 7cl;MIX IT! espresso cup yellow 9cl;720;CN;69120030;0,22;1,99;12;0,12;1,44;;4035644804659;2,64;;
NO;NO;NO;10121757;1;Sortiment;MIX IT! Espressotasse rot 7cl;MIX IT! espresso cup red 9cl;720;CN;69120030;0,34;1,99;12;0,12;1,44;;4035644804673;4,08;;
NO;NO;NO;10121764;1;Sortiment;MIX IT! Espressountertasse rot 12cm;MIX IT! espresso saucer red 12cm;720;CN;69120030;0,26;0,99;6;0,16;0,96;;4035644804680;1,56;;
NO;NO;NO;10121771;1;Sortiment;MIX IT! Espressotasse orange 7cl;MIX IT! espresso cup orange 9cl;720;CN;69120030;0,36;1,99;6;0,11;0,66;;4035644804697;2,16;;
NO;NO;NO;10121795;1;Sortiment;MIX IT! Espressotasse blau 7cl;MIX IT! espresso cup blue 9cl;720;CN;69120030;0,3;1,99;6;0,12;0,72;;4035644804710;1,8;;
NO;NO;NO;10121818;1;Sortiment;MIX IT! Mini Mug weiß;MIX IT! mini mug white;720;CN;69120030;0,29;1,99;6;0,24;1,44;;4035644804734;1,74;;
NO;NO;NO;10121825;1;Sortiment;MIX IT! Mini Mug braun;MIX IT! mini mug brown;720;CN;69120030;0,45;1,99;6;0,24;1,44;;4035644804741;2,7;;
NO;NO;NO;10121849;1;Sortiment;MIX IT! Mini Mug, H 8,5 cm, rot;MIX IT! mini mug red;720;CN;69120030;0,48;1,99;18;0,24;4,32;;4035644804765;8,64;;
NO;NO;NO;10121856;1;Sortiment;MIX IT! Mini Mug orange;MIX IT! mini mug orange;720;CN;69120030;0,48;1,99;6;0,24;1,44;;4035644804772;2,88;;
NO;NO;NO;10121863;1;Sortiment;MIX IT! Mini Mug blau;MIX IT! mini mug blue;720;CN;69120030;0,44;1,99;6;0,24;1,44;;4035644804789;2,64;;
NO;NO;NO;10121894;1;Sortiment;MIX IT! Mini Mug lime;MIX IT! mini mug lime;720;CN;69120030;0,37;1,99;12;0,24;2,88;;4035644804819;4,44;;
NO;NO;NO;10122167;1;Sortiment;MIX IT! Frühstücksteller braun 20cm;MIX IT! breakfast plate brown 20cm;720;CN;69120030;0,93;3,99;18;0,5;9;;4035644805083;16,74;;
NO;NO;NO;10122174;1;Sortiment;MIX IT! Frühstücksteller gelb, ? 20 cm;MIX IT! breakfast plate yellow 20cm;720;CN;69120030;1,1;3,99;6;0,5;3;;4035644805090;6,6;;
NO;NO;NO;10124758;1;Sortiment;MRS. WINTERBOTTOM'S Essigflasche 18 cm;MRS. WINTERBOTTOM'S vinegar bottle 18cm;720;CN;69120030;0,87;7,99;12;0,3;3,6;;4035644807414;10,44;;
NO;NO;NO;10124796;1;Sortiment;MRS. WINTERBOTTOM'S Pastaschale ?23,5cm;MRS. WINTERBOTTOM'S pastabowl ?23,5cm;720;CN;69120030;2,52;6,99;4;1;4;;4035644807452;10,08;;
NO;NO;NO;10124857;1;Sortiment;MRS. WINTERBOTTOM'S Kaffeedose;MRS. WINTERBOTTOM'S storage jar coffee;720;CN;69120030;1,7;9,99;6;1;6;;4035644807513;10,2;;
NO;NO;NO;10124871;1;Sortiment;MRS. WINTERBOTTOM'S Mehldose;MRS. WINTERBOTTOM'S storage jar flour 19;720;CN;69120030;1,88;9,99;6;1;6;;4035644807537;11,28;;
NO;NO;NO;10124888;1;Sortiment;MRS. WINTERBOTTOM'S Salzdose;MRS. WINTERBOTTOM'S storage jar salt 19c;720;CN;69120030;1,84;9,99;6;1;6;;4035644807544;11,04;;
NO;NO;NO;10124901;1;Sortiment;MRS. WINTERBOTTOM'S Knoblauchtopf;MRS. WINTERBOTTOM'S garlic jar h14,5cm;720;CN;69120030;1,36;9,99;6;0,9;5,4;;4035644807568;8,16;;
NO;NO;NO;10124949;1;Sortiment;MRS. WINTERBOTTOM'S Gewürzdose;MRS. WINTERBOTTOM'S storage jar spices;720;CN;69120030;0,45;5,99;6;0,3;1,8;;4035644807605;2,7;;
NO;NO;NO;10124987;1;Sortiment;MRS. WINTERBOTTOM'S Butterdose;MRS. WINTERBOTTOM'S butter dish;720;CN;69120030;1,73;8,99;8;1;8;;4035644807643;13,84;;
YES;NO;NO;10128831;5;Lebensmittel;BIG SPENDER 454g Kaugummi-Nachfüllpack;BIG SPENDER 454g chewing gum;404;CA;17041090;2,05;3,99;12;0,5;6;;596420001692;24,6;;
NO;NO;NO;10128886;2;Textilien;PACK & RIDE Reisetasche;PACK & RIDE travelbag large 59x20x47cm;720;CN;42029211;7,94;19,9;10;3;30;;4035644833215;79,4;;
NO;NO;NO;10135600;1;Sortiment;CAMPAGNE Teekiste 3 Fächer;CAMPAGNE teabox 3 compartments;720;CN;44209099;1,59;9,99;8;0,31;2,48;;4035644814368;12,72;;
NO;NO;NO;10135648;1;Sortiment;CAMPAGNE Bilderrahmen+Tafel+Spiegel;CAMPAGNE pictureframe+board+mirror;720;CN;96100000;3,5;19,9;8;1,89;15,12;;4035644814405;28;;
NO;NO;NO;10137468;1;Sortiment;PURO Platte 18,7 x 14 cm;PURO platter 18,7x14cm;720;CN;69111000;0,65;3,99;6;0,4;2,4;;4035644816119;3,9;;
NO;NO;NO;10137482;1;Sortiment;PURO Milchkännchen;PURO milk jug;720;CN;69111000;0,2;1,99;6;0,09;0,54;;4035644816133;1,2;;
NO;NO;NO;10144589;1;Sortiment;MEMORIES Bilderrahmen matt 10x15cm;MEMORIES picture frame matt 10x15cm;720;CN;83063000;0,97;5,99;10;0,18;1,8;;4035644820956;9,7;;
NO;NO;NO;10146903;1;Sortiment;MRS. WINTERBOTTOM'S Süßigkeitendose;MRS. WINTERBOTTOM'S storage jar Sweets;720;CN;69120030;5,54;24,9;2;2,8;5,6;;4035644822622;11,08;;
NO;NO;NO;10149041;1;Sortiment;LOVE LETTERS Kerze Happy Birthday bunt;LOVE LETTERS candle Happy Birthday mul.c;720;CN;34060000;1,79;6,99;12;0,34;4,08;;4035644823216;21,48;;
NO;NO;NO;10150047;1;Sortiment;BRIGHTON Utensilienbecher;BRIGHTON Implements holder;720;CN;69111000;0,39;4,99;12;0,46;5,52;;4035644823605;4,68;;
NO;NO;NO;10153741;1;Sortiment;CAMPAGNE Box mit Glasdeckel This & That;CAMPAGNE Box This & That 30x30x9cm;720;CN;44209099;4,42;16,9;6;2,67;16,02;;4035644827757;26,52;;
NO;NO;NO;10160992;2;Textilien;SOFT SOLUTION Korb weiss 15x15x15;SOFT SOLUTION Basket white 15x15x15;690;VN;63079010;1,18;4,99;10;0,2;2;;4035644834250;11,8;;
NO;NO;NO;10161067;2;Textilien;SOFT SOLUTION Korb weiß ?15xH16,5;SOFT SOLUTION Basket white ?15xH16,5;690;VN;63079010;0,9;4,99;10;0,18;1,8;;4035644834311;9;;
NO;NO;NO;10161548;1;Sortiment;MISS SOPHIE Etagere 3 Ebenen;MISS SOPHIE Etagere 3 plates;664;IN;73239300;7,08;29,9;2;1,4;2,8;;4035644834793;14,16;;
NO;NO;NO;10163726;1;Sortiment;CLEARANCE Seifenspender + Pumpe;CLEARANCE soap dispenser;736;TW;84798997;2,36;8,99;6;0,17;1,02;;4035644833987;14,16;;
NO;NO;NO;10171448;1;Sortiment;CON GUSTO Essig-/Öl-Ménage;CON GUSTO Oil-/Vinegar cruet set;720;CN;69111000;3,18;19,9;6;1;6;;4035644842354;19,08;;
NO;NO;NO;10172339;1;Sortiment;EATON PLACE Essteller, ? 27,5 cm, weiß;EATON PLACE Dinner plate 27,5cm;10;PT;69120050;1,28;4,99;12;0,58;6,96;;4035644843344;15,36;;
NO;NO;NO;10172353;1;Sortiment;EATON PLACE Suppenteller, ? 23,5cm, weiß;EATON PLACE Soup plate 23,5cm;10;PT;69120050;1,28;3,99;12;0,54;6,48;;4035644843368;15,36;;
NO;NO;NO;10172384;1;Sortiment;EATON PLACE Schale, ?14 cm, weiß;EATON PLACE bowl ?14cm;10;PT;69120050;1,06;3,99;6;0,34;2,04;;4035644843399;6,36;;
NO;NO;NO;10172391;1;Sortiment;EATON PLACE Salatschale ?24cm;EATON PLACE Salad bowl ?24cm;10;PT;69120050;2,18;12,9;4;1,1;4,4;;4035644843405;8,72;;
NO;NO;NO;10172407;1;Sortiment;EATON PLACE Servierplatte 35cm;EATON PLACE Serving plate 35cm;10;PT;69120050;3,28;9,99;4;0,85;3,4;;4035644843412;13,12;;
NO;NO;NO;10174203;1;Sortiment;SUCRERIES Aufbewahrungsglas H21 ?19cm;SUCRERIES Storage jar ?21, ?9cm;60;PL;70134999;5,27;16,9;1;1,85;1,85;;4035644844273;5,27;;
NO;NO;NO;10176474;2;Textilien;ADIEU TRISTESSE Tischläufer hellblau;ADIEU TRISTESSE Tabler.po.l'bl;664;IN;63025100;2,76;4,99;6;0,25;1,5;;4035644846796;16,56;;
NO;NO;NO;10176528;2;Textilien;ADIEU TRISTESSE TD grau 90x90;ADIEU TRISTESSE TC grey 90x90;664;IN;63025100;1,57;14,9;4;0,23;0,92;;4035644846840;6,28;;
NO;NO;NO;10176993;2;Textilien;ADIEU TRISTESSE Küchentuch h'blau 50x70;ADIEU TRISTESSE Kitchent.l'blu;664;IN;63029100;0,63;2,99;10;0,1;1;;4035644847328;6,3;;
NO;NO;NO;10178706;1;Sortiment;CAMPAGNE Bilderrahmen Herz 10x15cm;CAMPAGNE picture frame heart 10x15cm;720;CN;44140090;0,48;3,99;6;0,15;0,9;;4035644848813;2,88;;
NO;NO;NO;10178720;1;Sortiment;CAMPAGNE Anhänger blau 13x17cm;CAMPAGNE ornament blue 13x17cm;720;CN;44201019;0,64;4,99;6;0,47;2,82;;4035644848837;3,84;;
NO;NO;NO;10178737;1;Sortiment;"CAMPAGNE Türhänger ""Do not disturb""";CAMPAGNE ornament Do not disturb 13x17cm;720;CN;44201019;0,61;4,99;6;0,47;2,82;;4035644848844;3,66;;
NO;NO;NO;10178751;1;Sortiment;"CAMPAGNE Teedose""The World's finest tea""";"CAMPAGNE Tea box ""The World's finest tea";720;CN;44190090;3,1;14,9;12;1,41;16,92;;4035644848868;37,2;;
NO;NO;NO;10182185;2;Textilien;ADIEU TRISTESSE Ofenhandschuh rot;ADIEU TRISTESSE Ovenmit Stripes red;664;IN;63026000;1,08;3,99;6;0,07;0,42;;4035644851493;6,48;;
NO;NO;NO;10182253;2;Textilien;ADIEU TRISTESSE Schürze blau;ADIEU TRISTESSE Apron Stripe blue;664;IN;62114210;2,65;14,9;4;0,25;1;;4035644851486;10,6;;
NO;NO;NO;10184721;1;Sortiment;REFILL Glasflasche H33,5cm 1,3l;REFILL Glass bottle H33,5cm 1,3l;720;CN;70139900;2,79;9,99;6;0,46;2,76;;4035644852636;16,74;;
NO;NO;NO;10188177;1;Sortiment;EMERGENCY ROOM Arzneimittel-Dose;EMERGENCY ROOM pharmaceutical case;720;CN;73269098;1,29;9,99;12;0,27;3,24;;4035644862864;15,48;;
NO;NO;NO;10188554;1;Sortiment;OPEN Möbelknopf Ornament rot;OPEN furniture knob ornament red;664;IN;69149000;0,34;2,99;10;0,09;0,9;;4035644865216;3,4;;
NO;NO;NO;10188756;1;Sortiment;"PURO Porzellan-Teller ""Pappoptik""";PURO Plate 22x14cm;720;CN;69111000;0,65;2,99;6;0,34;2,04;;4035644866084;3,9;;
NO;NO;NO;10188761;1;Sortiment;PURO Knickbecher, ? 8cm, H 11 cm, 100 ml;PURO dented mug ?8cm, H11cm, 100ml;720;CN;69111000;0,38;2,49;18;0,28;5,04;;4035644866138;6,84;;
NO;NO;NO;10188762;1;Sortiment;PURO Knickbecher ? 7 cm,  7 cm;PURO dented mug ?7cm, H7cm;720;CN;69111000;0,3;1,99;24;0,13;3,12;;4035644866145;7,2;;
NO;NO;NO;10189043;1;Sortiment;BREAD N`BUTTER Frühstücksbrettchen;BREAD N`BUTTER breakfast board Bread Pi;4;DE;39241000;1,23;4,99;5;0,1;0,5;;4035644869368;6,15;;
NO;NO;NO;10189469;1;Sortiment;MRS. WINTERBOTTOM'S Kartoffeleimer;MRS. WINTERBOTTOM'S potato bucket;52;TR;83062900;7,84;24,9;2;1,61;3,22;;4035644872221;15,68;;
NO;NO;NO;10189809;1;Sortiment;POINT OF COLOUR Seifenspender pink;POINT OF COLOUR soap dispenser magenta;720;CN;84798997;0,77;2,99;12;0,29;3,48;;4035644874966;9,24;;
NO;NO;NO;10189810;1;Sortiment;POINT OF COLOUR Seifenspender aubergine;POINT OF COLOUR soap dispenser aubergine;720;CN;84798997;0,81;2,99;12;0,29;3,48;;4035644874973;9,72;;
NO;NO;NO;10189811;1;Sortiment;POINT OF COLOUR Seifenspender rot;POINT OF COLOUR soap dispenser red;720;CN;84798997;0,78;2,99;24;0,29;6,96;;4035644874980;18,72;;
NO;NO;NO;10189812;1;Sortiment;POINT OF COLOUR Seifenspender lime;POINT OF COLOUR soap dispenser lime;720;CN;84798997;0,79;2,99;18;0,29;5,22;;4035644874997;14,22;;
NO;NO;NO;10189813;1;Sortiment;POINT OF COLOUR Seifenspender weiß;POINT OF COLOUR soap dispenser white;720;CN;84798997;0,78;2,99;18;0,29;5,22;;4035644875000;14,04;;
NO;NO;NO;10189814;1;Sortiment;POINT OF COLOUR Seifenspender blau;POINT OF COLOUR soap dispenser blue;720;CN;84798997;0,8;2,99;24;0,29;6,96;;4035644875017;19,2;;
NO;NO;NO;10189815;1;Sortiment;POINT OF COLOUR Seifenspender schwarz;POINT OF COLOUR soap dispenser black;720;CN;84798997;0,79;2,99;12;0,29;3,48;;4035644875024;9,48;;
NO;NO;NO;10190092;3;Möbel;CABOOSE Deckenleuchte weiß ( Filiale);CABOOSE hanging lamp white, incl. connec;664;IN;94051091;16,39;39,9;2;1,35;2,7;;4035644878162;32,78;;
NO;NO;NO;10190135;2;Textilien;POOLSIDE Saunatuch altrosa 90x150;POOLSIDE Bath towel ant. pink 90x150;52;TR;63026000;4,75;14,9;2;0,96;1,92;;4035644878667;9,5;;
NO;NO;NO;10190345;1;Sortiment;MENUETT Schneebesen 26,5cm L;MENUETT whisk 26,5cm L;720;CN;82055100;0,57;2,99;6;0,07;0,42;;4035644881056;3,42;;
NO;NO;NO;10190347;1;Sortiment;MENUETT Tortenheber;MENUETT cake server;720;CN;82159910;0,74;5,99;6;0,12;0,72;;4035644881087;4,44;;
NO;NO;NO;10190511;3;Möbel;SECRETARY Tischleuchte, rot;SECRETARY Desk lamp red  H75 ?20cm;720;CN;94052091;11,56;39,9;2;1,65;3,3;;4035644882435;23,12;;
NO;NO;NO;10190512;3;Möbel;SECRETARY Tischleuchte, weiß;SECRETARY Desk lamp white  H75 ?20cm;720;CN;94052091;11,58;39,9;2;1,65;3,3;;4035644882442;23,16;;
NO;NO;NO;10190513;3;Möbel;SECRETARY Tischleuchte, pink;SECRETARY Desk lamp pink H75 ?20cm;720;CN;94052091;11,56;39,9;2;1,65;3,3;;4035644882459;23,12;;
NO;NO;NO;10190514;3;Möbel;SECRETARY Tischleuchte, orange;SECRETARY Desk lamp orange H75;720;CN;94052091;11,56;39,9;2;1,65;3,3;;4035644882466;23,12;;
NO;NO;NO;10190516;3;Möbel;SECRETARY Tischleuchte, chrom;SECRETARY Desk lamp chrome H75;720;CN;94052091;13,32;39,9;2;1,65;3,3;;4035644882480;26,64;;
NO;NO;NO;10191844;1;Sortiment;MIX IT! Espressotasse lime 9cl;MIX IT! Espresso cup lime 9cl;720;CN;69120030;0,23;1,99;6;0,11;0,66;;4035644890331;1,38;;
NO;NO;NO;10191854;1;Sortiment;MIX IT! Frühstücksteller lime 20 cm;MIX IT! breakfast plate lime 20cm;720;CN;69120030;0,93;3,99;6;0,5;3;;4035644890447;5,58;;
NO;NO;NO;10191855;1;Sortiment;MIX IT! Frühstücksteller hellblau 20 cm;MIX IT! breakfast plate l'blue 20cm;720;CN;69120030;1,18;3,99;12;0,5;6;;4035644890454;14,16;;
NO;NO;NO;10191889;1;Sortiment;MIX IT! Mini mug hellblau;MIX IT! mini mug l'blue;720;CN;69120030;0,37;1,99;6;0,24;1,44;;4035644895688;2,22;;
NO;NO;NO;10192309;1;Sortiment;SUMATRA Schale ? 14 cm lime;SUMATRA bowl ? 14 cm lime;720;CN;69120050;0,73;2,99;6;0,29;1,74;;4035644898917;4,38;;
NO;NO;NO;10192312;1;Sortiment;SUMATRA Schale ? 18 cm grau;SUMATRA bowl ? 18 cm grey;720;CN;69120050;1,12;4,99;6;0,54;3,24;;4035644898948;6,72;;
NO;NO;NO;10192321;1;Sortiment;SUMATRA Teller ? 21 cm, grau;SUMATRA plate ? 21 cm grey;720;CN;69120050;1,15;4,99;6;0,54;3,24;;4035644899020;6,9;;
NO;NO;NO;10192326;1;Sortiment;SUMATRA Teller ? 25 cm lime;SUMATRA plate ? 25 cm lime;720;CN;69120050;1,62;6,99;4;0,9;3,6;;4035644899075;6,48;;
NO;NO;NO;10192857;1;Sortiment;OPEN Möbelknopf Glas, hellrosa;OPEN furniture knob glass, lightpink;664;IN;70139900;0,69;2,99;12;0,04;0,48;;4035644903000;8,28;;
NO;NO;NO;10192941;1;Sortiment;HANG UP Kleiderhaken 4er;HANG UP hanger/4 hooks;664;IN;83025000;3,5;19,9;2;0,3;0,6;;4035644903765;7;;
NO;NO;NO;10193043;1;Sortiment;OPEN Möbelknopf Blüte türkis;OPEN furniture knob blossom turquoise;664;IN;69149000;0,35;2,99;12;0,1;1,2;;4035644903154;4,2;;
NO;NO;NO;10193223;1;Sortiment;HANG UP Metall Wandhaken, hellgrau;HANG UP metal wall hook, lightgrey;664;IN;83025000;2,03;6,99;6;0,25;1,5;;4035644904908;12,18;;
NO;NO;NO;10193849;1;Sortiment;BANQUET Deko Teller 35cm;BANQUET decoration plate 35cm;664;IN;83062100;4,94;19,9;2;1,25;2,5;;4035644910329;9,88;;
NO;NO;NO;10194809;1;Sortiment;FIFTIES FOREVER Kurzzeitmesser hellblau;FIFTIES FOREVER Kitchen timer lightblue;720;CN;91069000;2,35;8,99;10;0,17;1,7;;4035644913122;23,5;;
NO;NO;NO;10195514;1;Sortiment;TRAVEL Fotoalbum 200 Fotos (10x15cm);TRAVEL Photo album 200 photos (10x15cm);720;CN;49030000;1,74;9,99;6;0,33;1,98;;4035644919049;10,44;;
NO;NO;NO;10196055;1;Sortiment;MEMORIES Rahmen 2er 13x18 father&daughte;MEMORIES double frame 13x18  father&daug;720;CN;44140090;2,71;4,99;3;1,16;3,48;;4035644929291;8,13;;
NO;NO;NO;10196064;1;Sortiment;"PURO Vorspeisenteller ""quadratisch""";"PURO appetiser plate ""quadr."" ?18cm";60;PL;69111000;1,01;2,49;6;0,32;1,92;;4035644929574;6,06;;
NO;NO;NO;10196067;1;Sortiment;"PURO Essteller ""quadratisch""";"PURO dinner plate ""quadr."" ?25cm";60;PL;69111000;1,48;3,99;12;0,74;8,88;;4035644929604;17,76;;
NO;NO;NO;10196080;1;Sortiment;PURO Pizzateller;PURO pizza plate ?30,5 cm;60;PL;69111000;1,37;3,99;6;0,96;5,76;;4035644929734;8,22;;
NO;NO;NO;10196082;1;Sortiment;PURO Pastateller weiß ? 30 cm;PURO pasta plate ?30 cm;60;PL;69111000;1,44;4,99;6;1;6;;4035644929758;8,64;;
NO;NO;NO;10196083;1;Sortiment;PURO Pastateller  ? 27 cm;PURO pasta plate ?27 cm;60;PL;69111000;1,31;2,99;6;0,84;5,04;;4035644929765;7,86;;
NO;NO;NO;10197252;1;Sortiment;JOURNAL Notizbuch A5 Paris;JOURNAL Notebook A5 Paris;720;CN;48201030;1,27;5,99;6;0,33;1,98;;4035644941194;7,62;;
NO;NO;NO;10197464;1;Sortiment;RAMBA ZAMBA Milchaufschäumkanne 3 Tassen;RAMBA ZAMBA milk foamer 3 cups;5;IT;73239300;6,97;16,9;6;0,34;2,04;;4035644943006;41,82;;
NO;NO;NO;10197624;1;Sortiment;OPEN Keramik Möbelknopf, weiß, small;OPEN furniture knob, white, small;664;IN;69139010;0,25;1,99;20;0,05;1;;4035644944874;5;;
NO;NO;NO;10197643;1;Sortiment;GRAPEVINE Burgunderglas 640ml;GRAPEVINE burgundy glass 640ml;4;DE;70132290;1,53;3,99;6;0,24;1,44;;4035644945000;9,18;;
NO;NO;NO;10197644;1;Sortiment;GRAPEVINE Rotweinglas 630ml;GRAPEVINE red wine glass 630ml;4;DE;70132290;1,53;3,99;12;0,22;2,64;;4035644945017;18,36;;
NO;NO;NO;10197645;1;Sortiment;GRAPEVINE Weißweinglas 440ml;GRAPEVINE white wine glass 440ml;4;DE;70132290;1,51;3,99;36;0,21;7,56;;4035644945024;54,36;;
NO;NO;NO;10197646;1;Sortiment;GRAPEVINE Champagnerflöte 240ml;GRAPEVINE champagne flute 240ml;4;DE;70132290;1,4;3,99;6;0,17;1,02;;4035644945031;8,4;;
NO;NO;NO;10198271;1;Sortiment;"MEMORIES Rahmen 13x18 ""Patchwork Family""";"MEMORIES frame 13x18 ""Patchwork Family""";720;CN;44140090;1,41;2,99;6;0,57;3,42;;4035644929390;8,46;;
NO;NO;NO;10198533;1;Sortiment;CAIPIRINHA DO BRAZIL Holzstößel;CAIPIRINHA DO BRAZIL grinder;60;PL;44190090;0,82;2,99;12;0,07;0,84;;4035644954002;9,84;;
NO;NO;NO;10198899;3;Möbel;COPPERFIELD Stuhl anthrazit;COPPERFIELD Chair Anthracite;60;PL;94016100;23,56;49,9;2;7,5;15;;4035644957843;47,12;;
NO;NO;NO;10199274;1;Sortiment;JOURNAL Notizbuch A5 Äpfel;JOURNAL Notebook A5 Apples;720;CN;48201030;1,27;5,99;6;0,33;1,98;;4035644961017;7,62;;
NO;NO;NO;10200320;1;Sortiment;BEL & BIEN Türstopper Schnecke Keramik;BEL & BIEN doorstop snail ceramic;664;IN;44209099;1,79;7,99;4;0,31;1,24;;4035644971252;7,16;;
NO;NO;NO;10200399;2;Textilien;MANDALA Tischl. 150x50;MANDALA TR 150x50;720;CN;63025100;3,68;12,9;4;0,01;0,04;;4035644972310;14,72;;
NO;NO;NO;10200400;2;Textilien;MANDALA Tischl. 250x50;MANDALA TR 250x50;720;CN;63025100;6,11;14,9;4;0,01;0,04;;4035644972327;24,44;;
NO;NO;NO;10200402;1;Sortiment;RETRO Kaffeetasse orange gemustert;RETRO mug w. handle pattern orange;720;CN;69120050;0,83;3,99;12;0,3;3,6;;4035644971696;9,96;;
NO;NO;NO;10200410;1;Sortiment;RETRO Müslischale orange gemustert;RETRO cereal bowl pattern orange;720;CN;69120050;0,69;3,99;12;0,22;2,64;;4035644971771;8,28;;
NO;NO;NO;10200412;1;Sortiment;RETRO Müslischale blau gemustert;RETRO cereal bowl pattern blue;720;CN;69120050;0,69;3,99;12;0,26;3,12;;4035644971795;8,28;;
NO;NO;NO;10200413;1;Sortiment;RETRO Müslischale grün gemustert;RETRO cereal bowl pattern green;720;CN;69120050;0,69;3,99;12;0,26;3,12;;4035644971801;8,28;;
NO;NO;NO;10200607;1;Sortiment;BLACK & WHITE Tablett Streif. schw.-weiß;BLACK & WHITE tray stripes black/white;720;CN;39241000;3,15;14,9;6;0,87;5,22;;4035644974451;18,9;;
NO;NO;NO;10200608;1;Sortiment;BLACK & WHITE Tablett Kreise schw.-weiß;BLACK & WHITE tray circles black/white;720;CN;39241000;3,15;14,9;6;0,87;5,22;;4035644974468;18,9;;
NO;NO;NO;10200721;1;Sortiment;BREAD N' BUTTER Frühstücksb. Sechseck;BREAD N' BUTTER breakfast b. hexagon;4;DE;39241000;1,24;4,99;10;0,1;1;;4035644974024;12,4;;
NO;NO;NO;10200722;1;Sortiment;BREAD N' BUTTER Frühstücksb. Hahnentritt;BREAD N' BUTTER breakfast b. houndstooth;4;DE;39241000;1,24;4,99;10;0,1;1;;4035644974031;12,4;;
NO;NO;NO;10200723;1;Sortiment;BREAD N' BUTTER Frühstücksb. Punkte;BREAD N' BUTTER breakfast b. dots;4;DE;39241000;1,24;4,99;10;0,1;1;;4035644974048;12,4;;
NO;NO;NO;10200724;1;Sortiment;BLACK & WHITE Kaffeedose Streifen schmal;BLACK & WHITE coffee tin box stripes nar;720;CN;73239900;1,15;7,99;12;0,24;2,88;;4035644974277;13,8;;
NO;NO;NO;10200725;1;Sortiment;BLACK & WHITE Kaffeedose Punkte;BLACK & WHITE coffee tin box dots;720;CN;73239900;1,15;7,99;12;0,24;2,88;;4035644974284;13,8;;
NO;NO;NO;10200726;1;Sortiment;BLACK & WHITE Kaffeedose Streifen breit;BLACK & WHITE coffee tin box stripes wid;720;CN;73239900;1,15;7,99;12;0,24;2,88;;4035644974291;13,8;;
NO;NO;NO;10200746;2;Textilien;BLACK & WHITE Serv. Punkte 45x45;BLACK & WHITE NP Dots 45x45;664;IN;63025100;0,58;2,99;10;0,05;0,5;;4035644974123;5,8;;
NO;NO;NO;10200748;2;Textilien;BLACK & WHITE Serv. Streifen (breit) 45x;BLACK & WHITE NP Stripes (large) 45x45;664;IN;63025100;0,51;2,99;10;0,05;0,5;;4035644974147;5,1;;
NO;NO;NO;10200749;2;Textilien;BLACK & WHITE Stoffcontainer Streifen;BLACK & WHITE Fabric container Stripes;664;IN;63079010;1,63;6,99;12;0;0;;4035644974154;19,56;;
NO;NO;NO;10200750;2;Textilien;BLACK & WHITE TD Punkte 140x140;BLACK & WHITE TC Dots 140x140;664;IN;63025100;5,22;19,9;8;0;0;;4035644974161;41,76;;
NO;NO;NO;10200751;2;Textilien;BLACK & WHITE TD Punkte 250x150;BLACK & WHITE TC Dots 250x150;664;IN;63025100;8;39,9;4;0;0;;4035644974178;32;;
NO;NO;NO;10200752;2;Textilien;BLACK & WHITE Tragetasche Hahnentritt;BLACK & WHITE Shopping bag Houndstooth;664;IN;42029298;2,35;9,99;10;0;0;;4035644974185;23,5;;
NO;NO;NO;10200754;2;Textilien;BLACK & WHITE Tragetasche Punkte;BLACK & WHITE Shopping bag Dots;664;IN;42029298;2,69;9,99;10;0;0;;4035644974208;26,9;;
NO;NO;NO;10200803;1;Sortiment;BLACK & WHITE Rahmen MMMM;BLACK & WHITE frame MMMM;720;CN;44140090;1,04;4,99;12;0,38;4,56;;4035644974314;12,48;;
NO;NO;NO;10200804;1;Sortiment;BLACK & WHITE Rahmen Do what you love;Black & White frame Do what you love;720;CN;44140090;1,04;4,99;12;0,38;4,56;;4035644974321;12,48;;
NO;NO;NO;10200805;1;Sortiment;BLACK & WHITE Rahmen Sign;BLACK & WHITE frame Sign;720;CN;44140090;1,04;4,99;12;0,38;4,56;;4035644974338;12,48;;
NO;NO;NO;10200806;1;Sortiment;BLACK & WHITE Rahmen Darling;Black & White frame Darling;720;CN;44140090;1,04;4,99;12;0,38;4,56;;4035644974345;12,48;;
NO;NO;NO;10200827;1;Sortiment;BLACK & WHITE Kaffeetasse große Punkte;BLACK & WHITE mug dots big;701;MY;69111000;1,38;4,99;24;0,3;7,2;;4035644973881;33,12;;
NO;NO;NO;10200828;1;Sortiment;BLACK & WHITE Kaffeetasse schm. Streifen;BLACK & WHITE mug stripes slender;701;MY;69111000;1,38;4,99;24;0,3;7,2;;4035644973898;33,12;;
NO;NO;NO;10200829;1;Sortiment;BLACK & WHITE Kaffeetasse kleine Punkte;BLACK & WHITE mug dots small;701;MY;69111000;1,38;4,99;24;0,3;7,2;;4035644973904;33,12;;
NO;NO;NO;10200830;1;Sortiment;BLACK & WHITE Kaffeetasse große Streifen;BLACK & WHITE mug stripes wide;701;MY;69111000;1,38;4,99;24;0,3;7,2;;4035644973911;33,12;;
NO;NO;NO;10200831;1;Sortiment;BLACK & WHITE Espressotasse große Punkte;BLACK & WHITE espresso mug dots big;720;CN;69111000;0,53;3,49;30;0,1;3;;4035644973928;15,9;;
NO;NO;NO;10200832;1;Sortiment;BLACK & WHITE Espressotasse schm.Streife;BLACK & WHITE espresso mug stripes slend;720;CN;69111000;0,53;3,49;30;0,1;3;;4035644973935;15,9;;
NO;NO;NO;10200833;1;Sortiment;BLACK & WHITE Espressotasse kline Punkte;BLACK & WHITE espresso mug dots small;720;CN;69111000;0,53;3,49;30;0,1;3;;4035644973942;15,9;;
NO;NO;NO;10200834;1;Sortiment;BLACK & WHITE Espressotasse große Streif;BLACK & WHITE espresso mug stripes wide;720;CN;69111000;0,53;3,49;30;0,1;3;;4035644973959;15,9;;
NO;NO;NO;10200835;1;Sortiment;BLACK & WHITE Untertasse Espresso schwar;BLACK & WHITE saucer espresso black;720;CN;69111000;0,5;1,49;30;0,13;3,9;;4035644976189;15;;
NO;NO;NO;10200836;1;Sortiment;BLACK & WHITE Untertasse Espresso weiß;BLACK & WHITE saucer espresso white;720;CN;69111000;0,44;1,49;30;0,13;3,9;;4035644976196;13,2;;
NO;NO;NO;10200837;1;Sortiment;BLACK & WHITE Teller Streifen;BLACK & WHITE plate stripes;720;CN;69111000;0,68;4,99;30;0,4;12;;4035644973966;20,4;;
NO;NO;NO;10200838;1;Sortiment;BLACK & WHITE Teller Querstreifen;BLACK & WHITE plate cross stripes;720;CN;69111000;0,68;4,99;30;0,4;12;;4035644973973;20,4;;
NO;NO;NO;10200849;1;Sortiment;APR?S Papierserviette große Punkte;APR?S Paper napkin Dots large bl/wh;4;DE;99999999;0,42;2,99;12;0,14;1,68;;4035644974215;5,04;;
NO;NO;NO;10200850;1;Sortiment;APR?S Papierserviette Punkte klein;APR?S Paper napkin Dots small bl/wh;4;DE;48183000;0,42;2,99;12;0,14;1,68;;4035644974222;5,04;;
NO;NO;NO;10200851;1;Sortiment;APR?S Papierserviette Streifen schw/weiß;APR?S Paper napkin Stripes bl/wh;4;DE;48183000;0,42;2,99;12;0,14;1,68;;4035644974239;5,04;;
NO;NO;NO;10200852;1;Sortiment;APR?S Papierserviette Hahnentritt schw/w;APR?S Paper napkin Houndstooth bl/wh;4;DE;48183000;0,42;2,99;12;0,14;1,68;;4035644974246;5,04;;
NO;NO;NO;10200853;1;Sortiment;BLACK & WHITE Papiertrinkhalme (50St.);BLACK & WHITE Paper drinking straws (50p;720;CN;48189090;1,29;4,99;24;0,16;3,84;;4035644974253;30,96;;
NO;NO;NO;10201030;3;Möbel;MODERN ARTIST Kommode mit 2 Türen und 3;MODERN ARTIST Chest w/ 2 doors and 3 dra;66;RO;94036010;114,68;399;1;23;23;;4035644978985;114,68;;
NO;NO;NO;10201119;3;Möbel;HIGH NOON Stuhl anthrazit;HIGH NOON Dining Chair grey;60;PL;94016100;26,93;89;2;8,5;17;;4035644979876;53,86;;
NO;NO;NO;10201503;3;Möbel;MITCHELL Stuhl braun, vintage;MITCHELL Chair vintage brown;60;PL;94016100;18,42;69;2;8,5;17;;4035644983200;36,84;;
NO;NO;NO;10201503;3;Möbel;MITCHELL Stuhl braun, vintage;MITCHELL Chair vintage brown;60;PL;94016100;18,42;69;2;8,5;17;;4035644983200;36,84;;
NO;NO;NO;50015757;1;Sortiment;ESPERTO Kaffeebereiter 1 Tasse;ESPERTO Espresso Machine 1 cup;5;IT;76151990;2,92;7,99;6;0,25;1,5;;4035644870692;17,52;;
NO;NO;NO;50015771;1;Sortiment;ESPERTO Kaffeebereiter 3 Tassen;ESPERTO Espresso Machine 3 cup;5;IT;76151990;3,45;9,99;6;0,39;2,34;;4035644870708;20,7;;
NO;NO;NO;50015788;1;Sortiment;ESPERTO Kaffeebereiter 6 Tassen;ESPERTO Espresso Machine 6 cup;5;IT;76151990;4,26;12,9;6;0,55;3,3;;4035644870715;25,56;;
NO;NO;NO;50044917;1;Sortiment;COOL DOWN Eiswürfelbereiter Pinguin;COOL DOWN IceCube Tray Penguin;4;DE;39241000;0,83;2,99;6;0,07;0,42;;4035644845379;4,98;;
NO;NO;YES;99990003;11;Verbrauchsmaterial;Papiertasche gross;Paper bag big;4;DE;48194000;19,97;0;3;10;30;;4035644977230;59,91;;
NO;NO;NO;99990071;99999;Paletten;Euro Paletten;euro pallets;4;DE;44152020;7;0;4;24;96;;4035644977629;28;;
